Workbook

Sheet Booking Data
A1: GRAND VISTA HOTELS & RESORTS — BOOKING DATA (2024)
A2: Booking ID | B2: Guest Name | C2: Room Type | D2: Check-In Month | E2: Nights Stayed | F2: Room Rate (₹/night) | G2: Total Room Charge (₹) | H2: Discount (%) | I2: Net Charge (₹) | J2: Meal Plan | K2: Salesperson | L2: Location | M2: Performance
A3: BK001 | B3: Rajesh Mehta | C3: Deluxe Room | D3: Jan | E3: 3 | F3: 4500 | G3: =E3*F3 -> 13500 | H3: 10 | I3: =G3*(1-H3/100) -> 12150 | J3: Breakfast | K3: Anil Verma | L3: Shimla
A4: BK002 | B4: Priya Nair | C4: Suite | D4: Jan | E4: 5 | F4: 12000 | G4: =E4*F4 -> 60000 | H4: 15 | I4: =G4*(1-H4/100) -> 51000 | J4: Full Board | K4: Sneha Joshi | L4: Goa
A5: BK003 | B5: Amit Gupta | C5: Standard Room | D5: Feb | E5: 2 | F5: 2800 | G5: =E5*F5 -> 5600 | H5: 5 | I5: =G5*(1-H5/100) -> 5320 | J5: No Meals | K5: Anil Verma | L5: Manali
A6: BK004 | B6: Sunita Sharma | C6: Deluxe Room | D6: Feb | E6: 4 | F6: 4500 | G6: =E6*F6 -> 18000 | H6: 8 | I6: =G6*(1-H6/100) -> 16560 | J6: Breakfast | K6: Karan Patel | L6: Udaipur
A7: BK005 | B7: Vikas Jain | C7: Family Suite | D7: Mar | E7: 6 | F7: 15000 | G7: =E7*F7 -> 90000 | H7: 12 | I7: =G7*(1-H7/100) -> 79200 | J7: Full Board | K7: Sneha Joshi | L7: Shimla
A8: BK006 | B8: Kavya Reddy | C8: Standard Room | D8: Mar | E8: 2 | F8: 2800 | G8: =E8*F8 -> 5600 | H8: 3 | I8: =G8*(1-H8/100) -> 5432 | J8: No Meals | K8: Anil Verma | L8: Goa
A9: BK007 | B9: Mohit Sinha | C9: Suite | D9: Apr | E9: 7 | F9: 12000 | G9: =E9*F9 -> 84000 | H9: 18 | I9: =G9*(1-H9/100) -> 68880 | J9: Half Board | K9: Karan Patel | L9: Jaisalmer
A10: BK008 | B10: Deepa Pillai | C10: Deluxe Room | D10: Apr | E10: 3 | F10: 4500 | G10: =E10*F10 -> 13500 | H10: 7 | I10: =G10*(1-H10/100) -> 12555 | J10: Breakfast | K10: Sneha Joshi | L10: Manali
A11: BK009 | B11: Ravi Khanna | C11: Standard Room | D11: May | E11: 1 | F11: 2800 | G11: =E11*F11 -> 2800 | H11: 0 | I11: =G11*(1-H11/100) -> 2800 | J11: No Meals | K11: Anil Verma | L11: Udaipur
A12: BK010 | B12: Ananya Bose | C12: Penthouse | D12: May | E12: 5 | F12: 22000 | G12: =E12*F12 -> 110000 | H12: 20 | I12: =G12*(1-H12/100) -> 88000 | J12: Full Board | K12: Karan Patel | L12: Goa
A13: BK011 | B13: Suresh Tiwari | C13: Deluxe Room | D13: Jun | E13: 4 | F13: 4500 | G13: =E13*F13 -> 18000 | H13: 9 | I13: =G13*(1-H13/100) -> 16380 | J13: Breakfast | K13: Sneha Joshi | L13: Shimla
A14: BK012 | B14: Neha Chopra | C14: Standard Room | D14: Jun | E14: 3 | F14: 2800 | G14: =E14*F14 -> 8400 | H14: 4 | I14: =G14*(1-H14/100) -> 8064 | J14: No Meals | K14: Anil Verma | L14: Manali
... A22: BK020 | B22: Harsh Agarwal | C22: Penthouse | D22: Oct | E22: 3 | F22: 22000 | G22: =E22*F22 -> 66000 | H22: 18 | I22: =G22*(1-H22/100) -> 54120 | J22: Full Board | K22: Sneha Joshi | L22: Udaipur

Sheet Analysis & Formulas
A1: GRAND VISTA HOTELS — DATA ANALYSIS (10 KEY FUNCTIONS APPLIED)
A2: Function No. | B2: Function Name | C2: Description | D2: Formula Used | E2: Result
A3: 1. SUM | B3: Total Net Charge collected from all 20 bookings | C3: =SUM(I3:I22) | D3: =SUM('Booking Data'!I3:I22) -> 784089
A4: 2. AVERAGE | B4: Average Nights Stayed across all bookings | C4: =AVERAGE(E3:E22) | D4: =AVERAGE('Booking Data'!E3:E22) -> 4.05
A5: 3. MAX | B5: Highest Room Rate per night in dataset | C5: =MAX(F3:F22) | D5: =MAX('Booking Data'!F3:F22) -> 22000
A6: 4. MIN | B6: Lowest Room Rate per night in dataset | C6: =MIN(F3:F22) | D6: =MIN('Booking Data'!F3:F22) -> 2800
A7: 5. COUNT | B7: Total number of booking transactions | C7: =COUNT(E3:E22) | D7: =COUNT('Booking Data'!E3:E22) -> 20
A8: 6. COUNTIF | B8: Count of Suite bookings in the dataset | C8: =COUNTIF(C3:C22,"Suite") | D8: =COUNTIF('Booking Data'!C3:C22,"Suite") -> 4
A9: 7. SUMIF | B9: Total Net Charge from Goa location only | C9: =SUMIF(L3:L22,"Goa",I3:I22) | D9: =SUMIF('Booking Data'!L3:L22,"Goa",'Booking Data'!I3:I22) -> 291822
A10: 8. AVERAGEIF | B10: Average Discount % given on Penthouse rooms | C10: =AVERAGEIF(C3:C22,"Penthouse",H3:H22) | D10: =AVERAGEIF('Booking Data'!C3:C22,"Penthouse",'Booking Data'!H3:H22) -> 20
A11: 9. IF | B11: Flags booking as Long Stay (>=5 nights) or Short Stay | C11: =IF(E3>=5,"Long Stay","Short Stay") — col M | D11: ="See Performance column (M) in Booking Data sheet" -> See Performance column (M) in Booking Data sheet
A12: 10. VLOOKUP | B12: Lookup Net Charge for Booking ID BK007 | C12: =VLOOKUP("BK007",A3:I22,9,FALSE) | D12: =VLOOKUP("BK007",'Booking Data'!A3:I22,9,0) -> 68880

Sheet Summary Dashboard
A1: GRAND VISTA HOTELS — EXECUTIVE SUMMARY DASHBOARD
A2: KPI | B2: Value
A3: Total Bookings | B3: =COUNTA('Booking Data'!A3:A22) -> 20
A4: Total Net Revenue (₹) | B4: =SUM('Booking Data'!I3:I22) -> 784089
A5: Average Net Charge per Booking (₹) | B5: =AVERAGE('Booking Data'!I3:I22) -> 39204.45
A6: Longest Stay (Nights) | B6: =MAX('Booking Data'!E3:E22) -> 8
A7: Shortest Stay (Nights) | B7: =MIN('Booking Data'!E3:E22) -> 1
A8: Suite Bookings Count | B8: =COUNTIF('Booking Data'!C3:C22,"Suite") -> 4
A9: Total Revenue from Goa (₹) | B9: =SUMIF('Booking Data'!L3:L22,"Goa",'Booking Data'!I3:I22) -> 291822
A10: Avg Discount on Penthouse (%) | B10: =AVERAGEIF('Booking Data'!C3:C22,"Penthouse",'Booking Data'!H3:H22) -> 20
